,SYMBOL,Date,Series,Prev Close,Open,High,Low,Last,Close,VWAP,Volume,Turnover,Trades,Deliverable Volume,%Deliverble,Descripency Detail,Descripency,V AVERAGE
0,JSWSTEEL,2022-04-18,EQ,766.35,764.0,775.85,758.4,768.0,767.85,767.63,5866740,450347786310000.06,88667,2149059,36.63,"Vol Up, Delivery Down",1,0.47
1,JSWSTEEL,2022-04-19,EQ,767.85,772.7,790.0,736.1,740.4,746.4,773.7,7301285,564896793190000.0,113702,1300589,17.81,"Vol Up, Delivery Down",1,0.47
8,ADANIPORTS,2022-04-18,EQ,840.5,831.35,846.75,821.4,845.0,842.7,833.04,3969878,330706632025000.0,75702,1324295,33.36,"Vol Up, Delivery Down",1,0.461
9,ADANIPORTS,2022-04-19,EQ,842.7,849.0,850.25,807.0,811.0,819.3,836.8,4472320,374244708365000.0,70271,932076,20.84,"Vol Up, Delivery Down",1,0.461
4,DIVISLAB,2022-04-18,EQ,4499.25,4490.0,4568.2,4450.25,4515.0,4524.9,4529.75,439474,199070847435000.0,45832,220142,50.09,"Vol Down, Delivery Up",1,0.346
5,DIVISLAB,2022-04-19,EQ,4524.9,4526.0,4579.0,4348.75,4395.05,4411.4,4478.58,421066,188577653350000.0,35213,240559,57.13,"Vol Down, Delivery Up",1,0.346
6,CIPLA,2022-04-18,EQ,1016.6,1016.6,1035.0,1010.1,1029.75,1027.85,1021.6,2092141,213732660790000.0,67250,770836,36.84,"Vol Down, Delivery Up",1,0.33
7,CIPLA,2022-04-19,EQ,1027.85,1034.7,1038.9,980.35,988.75,1000.3,1016.18,1813890,184324610275000.0,49065,1104567,60.89,"Vol Down, Delivery Up",1,0.33
2,DRREDDY,2022-04-18,EQ,4299.2,4275.0,4318.45,4230.7,4271.0,4284.95,4275.39,339676,145224702105000.0,35104,161215,47.46,"Vol Down, Delivery Up",1,0.317
3,DRREDDY,2022-04-19,EQ,4284.95,4310.0,4316.1,4190.0,4199.2,4209.7,4253.76,310144,131927921109999.98,39934,180775,58.29,"Vol Down, Delivery Up",1,0.317
24,TATAMOTORS,2022-04-18,EQ,431.05,430.0,436.35,423.65,433.8,433.8,429.12,15298361,656488821730000.0,229241,4540702,29.68,-,0,0.589
25,TATAMOTORS,2022-04-19,EQ,433.8,436.75,440.25,417.0,420.95,424.95,433.28,12669041,548927042105000.0,167111,2900501,22.89,-,0,0.589
60,INDUSINDBK,2022-04-18,EQ,983.4,972.0,983.0,966.1,975.2,977.45,974.17,1575552,153485052250000.0,44475,437089,27.74,-,0,0.583
61,INDUSINDBK,2022-04-19,EQ,977.45,979.9,988.95,951.0,957.95,963.8,979.62,1747142,171152915810000.0,47892,596084,34.12,-,0,0.583
66,HINDALCO,2022-04-18,EQ,546.75,544.95,555.65,537.4,545.1,545.35,543.64,7550655,410481533180000.0,130590,3659032,48.46,-,0,0.518
67,HINDALCO,2022-04-19,EQ,545.35,552.0,556.2,537.6,539.0,540.8,549.32,8143101,447318267205000.0,194652,4092437,50.25999999999999,-,0,0.518
22,TATASTEEL,2022-04-18,EQ,1319.5,1331.9,1358.05,1328.85,1340.25,1339.1,1343.07,8070042,1083862371350000.0,233360,2180780,27.02,-,0,0.495
23,TATASTEEL,2022-04-19,EQ,1339.1,1352.6,1366.65,1309.0,1315.0,1326.6,1350.88,6477219,874993097945000.1,154119,2125079,32.81,-,0,0.495
90,BAJFINANCE,2022-04-18,EQ,7328.45,7265.5,7375.0,7231.6,7278.0,7261.45,7280.89,758222,552052853325000.0,97482,364375,48.06,-,0,0.468
91,BAJFINANCE,2022-04-19,EQ,7261.45,7300.0,7443.3,7151.0,7201.1,7259.55,7342.6,1191110,874584487865000.0,102406,564592,47.4,-,0,0.468
40,ONGC,2022-04-18,EQ,174.25,176.0,179.0,175.1,175.8,175.8,177.06,23916912,423480622065000.0,148851,8982954,37.56,-,0,0.465
41,ONGC,2022-04-19,EQ,175.8,177.3,179.8,176.0,176.1,177.15,178.28,17880666,318776089255000.0,100947,8392789,46.94,-,0,0.465
92,BAJAJFINSV,2022-04-18,EQ,16090.05,16040.0,16040.0,15654.35,15839.25,15827.25,15798.49,281889,445342190485000.06,48685,85992,30.510000000000005,-,0,0.456
93,BAJAJFINSV,2022-04-19,EQ,15827.25,15999.0,16080.0,15591.5,15630.0,15720.55,15842.2,259696,411415580960000.0,41472,82088,31.61,-,0,0.456
96,AXISBANK,2022-04-18,EQ,793.05,780.0,801.65,776.0,798.55,798.85,787.22,11478317,903596355955000.0,152492,6634268,57.8,-,0,0.443
97,AXISBANK,2022-04-19,EQ,798.85,805.0,816.2,785.55,789.55,797.8,807.64,8711816,703601805425000.0,201991,4254820,48.84,-,0,0.443
12,UPL,2022-04-18,EQ,818.65,813.65,817.7,792.3,808.0,805.15,802.61,3037877,243823157800000.0,69786,1509717,49.7,-,0,0.434
13,UPL,2022-04-19,EQ,805.15,807.0,823.9,800.0,802.9,804.9,815.05,2907063,236940408420000.0,61447,1311637,45.12,-,0,0.434
82,COALINDIA,2022-04-18,EQ,186.6,186.6,190.9,184.6,188.5,189.45,188.62,13052104,246191410140000.0,98951,3708020,28.410000000000004,-,0,0.415
83,COALINDIA,2022-04-19,EQ,189.45,191.45,203.25,190.65,195.6,197.75,198.78,59341710,1179565785065000.0,277979,14955264,25.2,-,0,0.415
32,SBIN,2022-04-18,EQ,517.7,512.0,515.0,504.0,510.1,509.5,509.48,14492183,738350712310000.0,206832,5254385,36.26,-,0,0.412
33,SBIN,2022-04-19,EQ,509.5,513.25,520.95,505.1,506.6,511.8,515.99,20362934,1050707915965000.0,240810,9570530,47.0,-,0,0.412
62,ICICIBANK,2022-04-18,EQ,762.25,751.0,762.9,749.2,759.0,757.8,756.1,17651530,1334637464185000.0,327929,12321755,69.81,-,0,0.409
63,ICICIBANK,2022-04-19,EQ,757.8,761.8,777.9,757.0,759.85,766.3,769.6,31088359,2392550798690000.0,279125,23005104,74.0,-,0,0.409
48,M&M,2022-04-18,EQ,866.1,866.1,876.0,858.1,874.05,874.1,871.04,3076843,268005036745000.0,122568,1645477,53.48,-,0,0.394
49,M&M,2022-04-19,EQ,874.1,878.1,887.8,865.1,867.5,872.5,880.55,3301212,290687256845000.0,93869,2254683,68.3,-,0,0.394
86,BPCL,2022-04-18,EQ,379.0,379.0,379.0,371.05,371.45,371.75,373.64,2792673,104345386985000.0,50478,1070288,38.32,-,0,0.391
87,BPCL,2022-04-19,EQ,371.75,373.9,383.85,373.0,374.0,375.85,379.42,5796327,219925349935000.0,74450,2321623,40.05,-,0,0.391
78,GRASIM,2022-04-18,EQ,1765.95,1761.0,1767.3,1725.1,1750.0,1741.3,1741.66,464736,80941382515000.0,30519,133744,28.78,-,0,0.386
79,GRASIM,2022-04-19,EQ,1741.3,1754.0,1777.0,1700.1,1706.0,1720.4,1744.68,744930,129966384215000.02,40577,271005,36.38,-,0,0.386
18,TECHM,2022-04-18,EQ,1410.45,1390.0,1390.0,1330.2,1347.9,1344.55,1343.01,3968044,532913635210000.06,179087,2014735,50.77,-,0,0.383
19,TECHM,2022-04-19,EQ,1344.55,1361.85,1361.85,1285.65,1294.95,1301.2,1324.55,2677360,354630688705000.0,118987,1562947,58.38,-,0,0.383
74,HDFC,2022-04-18,EQ,2378.5,2318.6,2322.0,2257.05,2264.0,2263.5,2282.57,9158650,2090522286225000.0,305740,6678111,72.92,-,0,0.382
75,HDFC,2022-04-19,EQ,2263.5,2264.1,2270.9,2111.25,2121.75,2140.2,2179.3,20050720,4369658192145000.0,563837,13857159,69.11,-,0,0.382
46,MARUTI,2022-04-18,EQ,7469.5,7374.5,7599.0,7355.0,7579.5,7573.5,7500.98,551783,413891492340000.0,72417,189590,34.36,-,0,0.381
47,MARUTI,2022-04-19,EQ,7573.5,7580.0,7678.0,7350.0,7373.65,7435.1,7565.19,425990,322269687250000.0,61187,170347,39.99,-,0,0.381
52,KOTAKBANK,2022-04-18,EQ,1779.6,1775.6,1775.6,1730.0,1754.0,1750.4,1746.44,1960141,342325909530000.0,93497,927801,47.33,-,0,0.381
53,KOTAKBANK,2022-04-19,EQ,1750.4,1763.0,1766.7,1687.0,1702.5,1707.5,1732.99,2389574,414110853020000.0,102775,1233749,51.63,-,0,0.381
80,EICHERMOT,2022-04-18,EQ,2491.45,2480.0,2531.1,2456.15,2515.0,2511.0,2485.38,322926,80259377300000.0,32305,86555,26.8,-,0,0.377
81,EICHERMOT,2022-04-19,EQ,2511.0,2516.0,2574.9,2421.1,2434.9,2454.85,2525.67,636517,160763330840000.0,46432,156704,24.62,-,0,0.377
16,TITAN,2022-04-18,EQ,2461.35,2435.0,2500.0,2410.0,2493.25,2493.45,2461.41,1109814,273170529910000.0,74589,480656,43.31,-,0,0.376
17,TITAN,2022-04-19,EQ,2493.45,2509.4,2520.6,2441.0,2441.25,2452.6,2493.73,929834,231875193650000.0,58595,432672,46.53,-,0,0.376
26,TATACONSUM,2022-04-18,EQ,817.6,816.2,824.9,809.0,822.5,822.3,817.22,1480954,121026104970000.0,50018,656659,44.34,-,0,0.368
27,TATACONSUM,2022-04-19,EQ,822.3,825.0,836.85,784.85,788.0,791.35,815.41,2460482,200630143580000.0,69159,1027403,41.76,-,0,0.368
88,BHARTIARTL,2022-04-18,EQ,740.65,736.65,740.15,723.4,732.3,729.5,728.67,8950327,652183384920000.0,112351,5286416,59.06,-,0,0.367
89,BHARTIARTL,2022-04-19,EQ,729.5,739.0,739.0,716.85,719.5,723.5,728.28,9957060,725157321715000.0,162713,5592961,56.17,-,0,0.367
30,SHREECEM,2022-04-18,EQ,25363.55,25170.0,25500.05,24900.0,25420.15,25435.35,25292.83,34525,87323485080000.0,11015,14778,42.8,-,0,0.358
31,SHREECEM,2022-04-19,EQ,25435.35,25400.0,25775.35,24649.4,24712.15,24860.9,25410.36,38327,97390297230000.0,13255,17232,44.96,-,0,0.358
36,RELIANCE,2022-04-18,EQ,2551.65,2533.0,2559.8,2521.8,2540.2,2543.85,2538.38,4603103,1168444090545000.0,222881,3079230,66.89,-,0,0.358
37,RELIANCE,2022-04-19,EQ,2543.85,2558.0,2668.0,2551.05,2626.0,2640.8,2628.35,12064446,3170955893780000.0,459863,6735937,55.83,-,0,0.358
10,WIPRO,2022-04-18,EQ,559.2,549.85,549.85,536.0,540.55,538.6,540.77,9465031,511840317355000.0,299841,5408972,57.15,-,0,0.356
11,WIPRO,2022-04-19,EQ,538.6,544.0,545.55,526.05,528.65,530.45,536.67,6643004,356509541730000.0,183436,3357095,50.54,-,0,0.356
70,HDFCLIFE,2022-04-18,EQ,564.85,560.5,576.85,555.25,574.45,574.3,569.8,5765896,328541012390000.0,98630,3155949,54.73,-,0,0.356
71,HDFCLIFE,2022-04-19,EQ,574.3,576.9,579.9,542.0,542.95,546.7,561.63,2958108,166135022355000.0,75606,1292157,43.68,-,0,0.356
68,HEROMOTOCO,2022-04-18,EQ,2274.4,2269.9,2294.95,2249.15,2294.4,2285.4,2268.48,422209,95777380225000.0,37689,197105,46.68,-,0,0.351
69,HEROMOTOCO,2022-04-19,EQ,2285.4,2308.0,2327.5,2242.4,2244.0,2263.25,2297.81,484466,111321215475000.0,38964,200547,41.4,-,0,0.351
42,NTPC,2022-04-18,EQ,153.95,154.9,163.75,154.5,163.75,163.2,160.94,82098517,1321256022085000.0,301458,35511917,43.26,-,0,0.35
43,NTPC,2022-04-19,EQ,163.2,164.9,166.35,159.5,160.0,160.65,163.78,38522118,630928631585000.0,205031,17459561,45.32,-,0,0.35
56,IOC,2022-04-18,EQ,127.9,127.7,128.5,126.5,128.2,128.1,127.87,11647900,148938979625000.0,54170,5922249,50.84000000000001,-,0,0.348
57,IOC,2022-04-19,EQ,128.1,129.3,133.0,128.5,129.85,130.3,131.14,20122110,263879002035000.0,96217,8413050,41.81,-,0,0.348
38,POWERGRID,2022-04-18,EQ,229.5,229.5,231.8,227.55,231.45,231.1,229.93,14302443,328855760365000.0,88904,9737594,68.08,-,0,0.346
39,POWERGRID,2022-04-19,EQ,231.1,232.7,233.35,226.5,227.7,227.85,230.78,11277707,260271475360000.0,65044,7435863,65.93,-,0,0.346
14,ULTRACEMCO,2022-04-18,EQ,6730.05,6645.5,6689.9,6570.05,6634.5,6639.6,6641.73,240392,159661978080000.0,35863,116532,48.48,-,0,0.343
15,ULTRACEMCO,2022-04-19,EQ,6639.6,6700.0,6764.25,6506.05,6526.95,6585.7,6673.53,353426,235859853655000.03,41112,195660,55.36,-,0,0.343
34,SBILIFE,2022-04-18,EQ,1146.9,1145.0,1181.95,1133.6,1170.0,1173.4,1169.19,2382085,278511399360000.0,82072,1091898,45.84,-,0,0.342
35,SBILIFE,2022-04-19,EQ,1173.4,1184.95,1184.95,1112.0,1121.0,1124.7,1156.9,971382,112378716209999.98,50422,408549,42.06,-,0,0.342
76,HCLTECH,2022-04-18,EQ,1125.1,1110.0,1112.75,1084.6,1105.0,1101.75,1098.11,4391701,482257183535000.06,192011,2594489,59.08,-,0,0.342
77,HCLTECH,2022-04-19,EQ,1101.75,1115.9,1115.95,1058.75,1067.0,1070.25,1090.34,3422431,373161727880000.0,142595,2069762,60.48,-,0,0.342
98,ASIANPAINT,2022-04-18,EQ,3080.65,3056.0,3058.0,3013.0,3019.0,3021.55,3032.74,1032504,313131575350000.0,80323,716154,69.36,-,0,0.338
99,ASIANPAINT,2022-04-19,EQ,3021.55,3030.0,3059.2,2970.0,2981.2,2991.2,3020.76,749782,226491171190000.0,64197,428206,57.11000000000001,-,0,0.338
28,SUNPHARMA,2022-04-18,EQ,936.75,927.6,941.05,919.25,926.5,927.5,928.15,1287320,119482823550000.0,69476,565235,43.91,-,0,0.336
29,SUNPHARMA,2022-04-19,EQ,927.5,930.95,937.75,915.05,916.05,922.0,929.86,2001066,186071054065000.0,56392,1140337,56.99000000000001,-,0,0.336
72,HDFCBANK,2022-04-18,EQ,1464.95,1418.85,1431.65,1390.05,1397.5,1395.45,1408.02,22810188,3211725783545000.0,650936,16293702,71.43,-,0,0.333
73,HDFCBANK,2022-04-19,EQ,1395.45,1380.9,1389.55,1327.0,1335.0,1342.2,1361.49,37048011,5044042878855000.0,961819,24520385,66.19,-,0,0.333
50,LT,2022-04-18,EQ,1760.8,1746.3,1749.95,1715.0,1742.0,1738.35,1728.99,1808707,312723473150000.0,124412,1096329,60.61,-,0,0.331
51,LT,2022-04-19,EQ,1738.35,1748.3,1760.75,1687.0,1700.0,1705.75,1723.92,2737766,471968442380000.0,112453,1977723,72.24,-,0,0.331
54,ITC,2022-04-18,EQ,269.55,268.0,272.5,267.25,270.35,270.1,269.67,24399444,657989997995000.0,189235,11607148,47.57,-,0,0.325
55,ITC,2022-04-19,EQ,270.1,272.0,272.5,258.8,259.25,261.55,267.74,23380138,625980907000000.0,201593,11502363,49.2,-,0,0.325
94,BAJAJ-AUTO,2022-04-18,EQ,3697.3,3690.0,3758.25,3645.25,3699.95,3714.6,3716.87,373718,138906304250000.0,42092,182287,48.78,-,0,0.313
95,BAJAJ-AUTO,2022-04-19,EQ,3714.6,3740.0,3774.6,3618.35,3635.5,3657.15,3717.0,211918,78769992070000.0,21431,90496,42.7,-,0,0.313
58,INFY,2022-04-18,EQ,1748.55,1605.5,1650.0,1590.0,1622.3,1621.4,1625.94,30523965,4963009710635000.0,1443330,18430699,60.38,-,0,0.312
59,INFY,2022-04-19,EQ,1621.4,1636.65,1636.65,1550.0,1565.0,1562.0,1589.69,17044923,2709622512620000.0,763964,10801702,63.370000000000005,-,0,0.312
84,BRITANNIA,2022-04-18,EQ,3349.65,3345.0,3367.9,3306.05,3342.7,3343.9,3339.6,197878,66083431770000.01,22002,85456,43.19,-,0,0.291
85,BRITANNIA,2022-04-19,EQ,3343.9,3343.9,3388.0,3245.3,3253.7,3267.9,3334.04,296680,98914213665000.0,27675,114661,38.65,-,0,0.291
20,TCS,2022-04-18,EQ,3661.95,3610.0,3610.0,3522.5,3531.8,3528.05,3548.77,3820792,1355913060380000.0,324929,2676562,70.05,-,0,0.28
21,TCS,2022-04-19,EQ,3528.05,3550.0,3563.55,3439.15,3462.0,3471.9,3508.54,3170014,1112212945675000.0,208443,2190202,69.09,-,0,0.28
64,HINDUNILVR,2022-04-18,EQ,2152.15,2148.0,2182.9,2135.05,2174.65,2177.65,2169.78,1828131,396663723815000.0,70204,1236817,67.65,-,0,0.278
65,HINDUNILVR,2022-04-19,EQ,2177.65,2185.7,2206.85,2101.05,2110.0,2113.05,2160.01,1775996,383616929940000.0,99688,1131071,63.690000000000005,-,0,0.278
44,NESTLEIND,2022-04-18,EQ,18382.4,18300.0,18686.0,18300.0,18517.4,18561.5,18516.22,53773,99567251655000.0,16480,24878,46.26,-,0,0.264
45,NESTLEIND,2022-04-19,EQ,18561.5,18540.5,18725.0,17832.25,18150.0,17948.6,18257.73,65942,120395092265000.02,16659,34749,52.7,-,0,0.264
